[
    {
        "name": "Methane",
        "smiles": "C",
        "dfH": -17.81,
        "u": 0.011,
        "xyz": "./data/m1_00_74-82-80_CH4_wB97XD.xyz",
        "energies": "./data/m1_00_74-82-80_CH4_wB97XD_ccsdt_cc-pvqz_ecp.txt",
        "hcorr": "./data/m1_00_74-82-80_CH4_wB97XD.td"
    },
    {
        "name": "Ethylene",
        "smiles": "C=C",
        "dfH": 12.519,
        "u": 0.026,
        "xyz": "./data/m1_00_74-85-10_C2H4_wB97XD.xyz",
        "energies": "./data/m1_00_74-85-10_C2H4_wB97XD_ccsdt_cc-pvqz_ecp.txt",
        "hcorr": "./data/m1_00_74-85-10_C2H4_wB97XD.td"
    },
    {
        "name": "Ethylidene",
        "smiles": "[CH]C",
        "dfH": 87.565,
        "u": 0.139,
        "xyz": "./data/m1_00_4218-50-22_C2H4_wB97XD.xyz",
        "energies": "./data/m1_00_4218-50-22_C2H4_wB97XD_ccsdt_cc-pvqz_ecp.txt",
        "hcorr": "./data/m1_00_4218-50-22_C2H4_wB97XD.td"
    },
    {
        "name": "Ethane",
        "smiles": "CC",
        "dfH": -20.079,
        "u": 0.029,
        "xyz": "./data/m1_00_74-84-00_C2H6_wB97XD.xyz",
        "energies": "./data/m1_00_74-84-00_C2H6_wB97XD_ccsdt_cc-pvqz_ecp.txt",
        "hcorr": "./data/m1_00_74-84-00_C2H6_wB97XD.td"
    },
    {
        "name": "Allene",
        "smiles": "C=C=C",
        "dfH": 45.394,
        "u": 0.055,
        "xyz": "./data/m1_00_463-49-00_C3H4_wB97XD.xyz",
        "energies": "./data/m1_00_463-49-00_C3H4_wB97XD_ccsdt_cc-pvqz_ecp.txt",
        "hcorr": "./data/m1_00_463-49-00_C3H4_wB97XD.td"
    },
    {
        "name": "Cyclopropene",
        "smiles": "C1=CC1",
        "dfH": 67.801,
        "u": 0.103,
        "xyz": "./data/m1_00_2781-85-30_C3H4_wB97XD.xyz",
        "energies": "./data/m1_00_2781-85-30_C3H4_wB97XD_ccsdt_cc-pvqz_ecp.txt",
        "hcorr": "./data/m1_00_2781-85-30_C3H4_wB97XD.td"
    },
    {
        "name": "Propyne",
        "smiles": "C#CC",
        "dfH": 44.338,
        "u": 0.05,
        "xyz": "./data/m1_00_74-99-70_C3H4_wB97XD.xyz",
        "energies": "./data/m1_00_74-99-70_C3H4_wB97XD_ccsdt_cc-pvqz_ecp.txt",
        "hcorr": "./data/m1_00_74-99-70_C3H4_wB97XD.td"
    },
    {
        "name": "Cyclopropane",
        "smiles": "C1CC1",
        "dfH": 12.882,
        "u": 0.076,
        "xyz": "./data/m1_00_75-19-40_C3H6_wB97XD.xyz",
        "energies": "./data/m1_00_75-19-40_C3H6_wB97XD_ccsdt_cc-pvqz_ecp.txt",
        "hcorr": "./data/m1_00_75-19-40_C3H6_wB97XD.td"
    },
    {
        "name": "Propene",
        "smiles": "C=CC",
        "dfH": 4.785,
        "u": 0.043,
        "xyz": "./data/m1_00_115-07-10_C3H6_wB97XD.xyz",
        "energies": "./data/m1_00_115-07-10_C3H6_wB97XD_ccsdt_cc-pvqz_ecp.txt",
        "hcorr": "./data/m1_00_115-07-10_C3H6_wB97XD.td"
    },
    {
        "name": "Propane",
        "smiles": "CCC",
        "dfH": -25.093,
        "u": 0.038,
        "xyz": "./data/m1_00_74-98-60_C3H8_wB97XD.xyz",
        "energies": "./data/m1_00_74-98-60_C3H8_wB97XD_ccsdt_cc-pvqz_ecp.txt",
        "hcorr": "./data/m1_00_74-98-60_C3H8_wB97XD.td"
    },
    {
        "name": "1,3-Butadiyne",
        "smiles": "C#CC#C",
        "dfH": 109.95,
        "u": 0.134,
        "xyz": "./data/m1_00_460-12-80_C4H2_wB97XD.xyz",
        "energies": "./data/m1_00_460-12-80_C4H2_wB97XD_ccsdt_cc-pvqz_ecp.txt",
        "hcorr": "./data/m1_00_460-12-80_C4H2_wB97XD.td"
    },
    {
        "name": "Vinylacetylene",
        "smiles": "C#CC=C",
        "dfH": 69.187,
        "u": 0.134,
        "xyz": "./data/m1_00_689-97-40_C4H4_wB97XD.xyz",
        "energies": "./data/m1_00_689-97-40_C4H4_wB97XD_ccsdt_cc-pvqz_ecp.txt",
        "hcorr": "./data/m1_00_689-97-40_C4H4_wB97XD.td"
    },
    {
        "name": "1,3-Butadiene",
        "smiles": "C=CC=C",
        "dfH": 26.544,
        "u": 0.074,
        "xyz": "./data/m1_00_106-99-00_C4H6_wB97XD.xyz",
        "energies": "./data/m1_00_106-99-00_C4H6_wB97XD_ccsdt_cc-pvqz_ecp.txt",
        "hcorr": "./data/m1_00_106-99-00_C4H6_wB97XD.td"
    },
    {
        "name": "1-Butyne",
        "smiles": "C#CCC",
        "dfH": 39.854,
        "u": 0.131,
        "xyz": "./data/m1_00_107-00-60_C4H6_wB97XD.xyz",
        "energies": "./data/m1_00_107-00-60_C4H6_wB97XD_ccsdt_cc-pvqz_ecp.txt",
        "hcorr": "./data/m1_00_107-00-60_C4H6_wB97XD.td"
    },
    {
        "name": "2-Butyne",
        "smiles": "CC#CC",
        "dfH": 35.0,
        "u": 0.11,
        "xyz": "./data/m1_00_503-17-30_C4H6_wB97XD.xyz",
        "energies": "./data/m1_00_503-17-30_C4H6_wB97XD_ccsdt_cc-pvqz_ecp.txt",
        "hcorr": "./data/m1_00_503-17-30_C4H6_wB97XD.td"
    },
    {
        "name": "Cyclobutene",
        "smiles": "C1=CCC1",
        "dfH": 38.466,
        "u": 0.143,
        "xyz": "./data/m1_00_822-35-50_C4H6_wB97XD.xyz",
        "energies": "./data/m1_00_822-35-50_C4H6_wB97XD_ccsdt_cc-pvqz_ecp.txt",
        "hcorr": "./data/m1_00_822-35-50_C4H6_wB97XD.td"
    },
    {
        "name": "1-Butene",
        "smiles": "C=CCC",
        "dfH": 0.045,
        "u": 0.081,
        "xyz": "./data/m1_00_106-98-90_C4H8_wB97XD.xyz",
        "energies": "./data/m1_00_106-98-90_C4H8_wB97XD_ccsdt_cc-pvqz_ecp.txt",
        "hcorr": "./data/m1_00_106-98-90_C4H8_wB97XD.td"
    },
    {
        "name": "Isobutene",
        "smiles": "C=C(C)C",
        "dfH": -4.039,
        "u": 0.088,
        "xyz": "./data/m1_00_115-11-70_C4H8_wB97XD.xyz",
        "energies": "./data/m1_00_115-11-70_C4H8_wB97XD_ccsdt_cc-pvqz_ecp.txt",
        "hcorr": "./data/m1_00_115-11-70_C4H8_wB97XD.td"
    },
    {
        "name": "cis-2-Butene",
        "smiles": "C/C=C\\C",
        "dfH": -1.663,
        "u": 0.093,
        "xyz": "./data/m1_00_590-18-10_C4H8_wB97XD.xyz",
        "energies": "./data/m1_00_590-18-10_C4H8_wB97XD_ccsdt_cc-pvqz_ecp.txt",
        "hcorr": "./data/m1_00_590-18-10_C4H8_wB97XD.td"
    },
    {
        "name": "Cyclobutane",
        "smiles": "C1CCC1",
        "dfH": 6.632,
        "u": 0.088,
        "xyz": "./data/m1_00_287-23-00_C4H8_wB97XD.xyz",
        "energies": "./data/m1_00_287-23-00_C4H8_wB97XD_ccsdt_cc-pvqz_ecp.txt",
        "hcorr": "./data/m1_00_287-23-00_C4H8_wB97XD.td"
    },
    {
        "name": "Methylcyclopropane",
        "smiles": "CC1CC1",
        "dfH": 5.88,
        "u": 0.311,
        "xyz": "./data/m1_00_594-11-60_C4H8_wB97XD.xyz",
        "energies": "./data/m1_00_594-11-60_C4H8_wB97XD_ccsdt_cc-pvqz_ecp.txt",
        "hcorr": "./data/m1_00_594-11-60_C4H8_wB97XD.td"
    },
    {
        "name": "trans-2-Butene",
        "smiles": "C/C=C/C",
        "dfH": -2.658,
        "u": 0.088,
        "xyz": "./data/m1_00_624-64-60_C4H8_wB97XD.xyz",
        "energies": "./data/m1_00_624-64-60_C4H8_wB97XD_ccsdt_cc-pvqz_ecp.txt",
        "hcorr": "./data/m1_00_624-64-60_C4H8_wB97XD.td"
    },
    {
        "name": "Butane",
        "smiles": "CCCC",
        "dfH": -30.033,
        "u": 0.055,
        "xyz": "./data/m1_00_106-97-80_C4H10_wB97XD.xyz",
        "energies": "./data/m1_00_106-97-80_C4H10_wB97XD_ccsdt_cc-pvqz_ecp.txt",
        "hcorr": "./data/m1_00_106-97-80_C4H10_wB97XD.td"
    },
    {
        "name": "iso-Butane",
        "smiles": "CC(C)C",
        "dfH": -32.146,
        "u": 0.067,
        "xyz": "./data/m1_00_75-28-50_C4H10_wB97XD.xyz",
        "energies": "./data/m1_00_75-28-50_C4H10_wB97XD_ccsdt_cc-pvqz_ecp.txt",
        "hcorr": "./data/m1_00_75-28-50_C4H10_wB97XD.td"
    },
    {
        "name": "Cyclopentadiene",
        "smiles": "C1=CCC=C1",
        "dfH": 32.101,
        "u": 0.143,
        "xyz": "./data/m1_00_542-92-70_C5H6_wB97XD.xyz",
        "energies": "./data/m1_00_542-92-70_C5H6_wB97XD_ccsdt_cc-pvqz_ecp.txt",
        "hcorr": "./data/m1_00_542-92-70_C5H6_wB97XD.td"
    },
    {
        "name": "Isoprene",
        "smiles": "C=CC(=C)C",
        "dfH": 18.095,
        "u": 0.158,
        "xyz": "./data/m1_00_78-79-50_C5H8_wB97XD.xyz",
        "energies": "./data/m1_00_78-79-50_C5H8_wB97XD_ccsdt_cc-pvqz_ecp.txt",
        "hcorr": "./data/m1_00_78-79-50_C5H8_wB97XD.td"
    },
    {
        "name": "Cyclopentene",
        "smiles": "C1=CCCC1",
        "dfH": 8.442,
        "u": 0.11,
        "xyz": "./data/m1_00_142-29-00_C5H8_wB97XD.xyz",
        "energies": "./data/m1_00_142-29-00_C5H8_wB97XD_ccsdt_cc-pvqz_ecp.txt",
        "hcorr": "./data/m1_00_142-29-00_C5H8_wB97XD.td"
    },
    {
        "name": "iso-Pentane",
        "smiles": "CCC(C)C",
        "dfH": -36.563,
        "u": 0.093,
        "xyz": "./data/m1_00_78-78-40_C5H12_wB97XD.xyz",
        "energies": "./data/m1_00_78-78-40_C5H12_wB97XD_ccsdt_cc-pvqz_ecp.txt",
        "hcorr": "./data/m1_00_78-78-40_C5H12_wB97XD.td"
    },
    {
        "name": "n-Pentane",
        "smiles": "CCCCC",
        "dfH": -34.912,
        "u": 0.069,
        "xyz": "./data/m1_00_109-66-00_C5H12_wB97XD.xyz",
        "energies": "./data/m1_00_109-66-00_C5H12_wB97XD_ccsdt_cc-pvqz_ecp.txt",
        "hcorr": "./data/m1_00_109-66-00_C5H12_wB97XD.td"
    },
    {
        "name": "neo-Pentane",
        "smiles": "CC(C)(C)C",
        "dfH": -39.945,
        "u": 0.091,
        "xyz": "./data/m1_00_463-82-10_C5H12_wB97XD.xyz",
        "energies": "./data/m1_00_463-82-10_C5H12_wB97XD_ccsdt_cc-pvqz_ecp.txt",
        "hcorr": "./data/m1_00_463-82-10_C5H12_wB97XD.td"
    },
    {
        "name": "Benzene",
        "smiles": "c1ccccc1",
        "dfH": 19.885,
        "u": 0.05,
        "xyz": "./data/m1_00_C6H6_wB97XD.xyz",
        "energies": "./data/m1_00_C6H6_wB97XD_ccsdt_cc-pvqz_ecp.txt",
        "hcorr": "./data/m1_00_C6H6_wB97XD.td"
    },
    {
        "name": "5-Methyl-1,3-cyclopentadiene",
        "smiles": "CC1C=CC=C1",
        "dfH": 26.482,
        "u": 0.335,
        "xyz": "./data/m1_00_96-38-80_C6H8_wB97XD.xyz",
        "energies": "./data/m1_00_96-38-80_C6H8_wB97XD_ccsdt_cc-pvqz_ecp.txt",
        "hcorr": "./data/m1_00_96-38-80_C6H8_wB97XD.td"
    },
    {
        "name": "Cyclohexene",
        "smiles": "C1=CCCCC1",
        "dfH": -1.023,
        "u": 0.076,
        "xyz": "./data/m1_00_110-83-80_C6H10_wB97XD.xyz",
        "energies": "./data/m1_00_110-83-80_C6H10_wB97XD_ccsdt_cc-pvqz_ecp.txt",
        "hcorr": "./data/m1_00_110-83-80_C6H10_wB97XD.td"
    },
    {
        "name": "Cyclohexane",
        "smiles": "C1CCCCC1",
        "dfH": -29.348,
        "u": 0.069,
        "xyz": "./data/m1_00_110-82-70_C6H12_wB97XD.xyz",
        "energies": "./data/m1_00_110-82-70_C6H12_wB97XD_ccsdt_cc-pvqz_ecp.txt",
        "hcorr": "./data/m1_00_110-82-70_C6H12_wB97XD.td"
    },
    {
        "name": "Toluene",
        "smiles": "Cc1ccccc1",
        "dfH": 11.962,
        "u": 0.074,
        "xyz": "./data/m1_00_108-88-30_C7H8_wB97XD.xyz",
        "energies": "./data/m1_00_108-88-30_C7H8_wB97XD_ccsdt_cc-pvqz_ecp.txt",
        "hcorr": "./data/m1_00_108-88-30_C7H8_wB97XD.td"
    },
    {
        "name": "Phenylacetylene",
        "smiles": "C#Cc1ccccc1",
        "dfH": 75.937,
        "u": 0.17,
        "xyz": "./data/m1_00_536-74-30_C8H6_wB97XD.xyz",
        "energies": "./data/m1_00_536-74-30_C8H6_wB97XD_ccsdt_cc-pvqz_ecp.txt",
        "hcorr": "./data/m1_00_536-74-30_C8H6_wB97XD.td"
    },
    {
        "name": "Phenylethene",
        "smiles": "C=Cc1ccccc1",
        "dfH": 35.488,
        "u": 0.127,
        "xyz": "./data/m1_00_100-42-50_C8H8_wB97XD.xyz",
        "energies": "./data/m1_00_100-42-50_C8H8_wB97XD_ccsdt_cc-pvqz_ecp.txt",
        "hcorr": "./data/m1_00_100-42-50_C8H8_wB97XD.td"
    },
    {
        "name": "Ethylbenzene",
        "smiles": "CCc1ccccc1",
        "dfH": 7.144,
        "u": 0.127,
        "xyz": "./data/m1_00_100-41-40_C8H10_wB97XD.xyz",
        "energies": "./data/m1_00_100-41-40_C8H10_wB97XD_ccsdt_cc-pvqz_ecp.txt",
        "hcorr": "./data/m1_00_100-41-40_C8H10_wB97XD.td"
    }
]